    K,      depth,    ratio_T,    ratio_S
    1,       1.00,       1.68,       2.28
    2,       3.00,       1.67,       2.27
    3,       5.00,       1.72,       2.47
    4,       7.00,       1.75,       2.61
    5,       9.00,       1.70,       2.66
    6,      15.00,       1.72,       3.06
    7,      25.00,       1.80,       2.77
    8,      35.00,       2.11,       2.55
    9,      45.00,       2.51,       2.65
   10,      55.00,       2.52,       3.38
   11,      65.00,       2.58,       4.19
   12,      75.00,       3.22,       4.64
   13,      85.00,       3.46,       4.29
   14,      95.00,       3.16,       3.74
   15,     105.00,       2.91,       4.58
   16,     115.00,       2.81,       5.80
   17,     125.00,       2.73,       5.61
   18,     135.00,       2.83,       5.20
   19,     145.00,       3.24,       6.18
   20,     155.00,       3.35,       6.45
   21,     165.00,       3.19,       6.79
   22,     175.00,       3.00,       6.65
   23,     185.00,       2.98,       6.51
   24,     195.00,       3.32,       6.83
   25,     205.00,       3.74,       7.31
   26,     215.00,       3.78,       7.04
   27,     225.87,       3.61,       6.15
   28,     241.06,       3.60,       6.01
   29,     266.52,       3.39,       6.05
   30,     308.79,       3.26,       4.63
   31,     373.93,       3.04,       4.00
   32,     467.40,       5.58,       6.67
